{
    "Aula2": {
        "nome": "C207",
        "assunto": "Banco de Dados",
        "professor": "Renzo",
        "alunos": [
            {
                "nome": "Lucas",
                "idade": 20
            },
            {
                "nome": "João",
                "idade": 21
            },
            {
                "nome": "Davi",
                "idade": 20
            },
            {
                "nome": "Vinicius",
                "idade": 22
            }
        ]
    }
}